subreddit,subscribers,utc_created,acroCount
MachineLearning,680502,1248878084.0,710.0
learnmachinelearning,72260,1456213074.0,913.0
datascience,124469,1312631022.0,67.0
deeplearning,33652,1322412121.0,1646.0
neuralnetworks,10305,1388461865.0,957.0
LanguageTechnology,15595,1268239350.0,2269.0
Physics,778028,1205647492.0,30297.0
TheoreticalPhysics,3442,1341644202.0,1906.0
AstroPhysics,15768,1263602052.0,1225.0
ParticlePhysics,12306,1249558748.0,4778.0
QuantumPhysics,4676,1299123430.0,290.0
QuantumComputing,12589,1253431844.0,3254.0
quantum,23494,1254024356.0,2555.0
Astronomy,819956,1206712811.0,3236.0
nasa,550077,1216255610.0,14362.0
energy,79340,1205961797.0,1275.0
Science,21660312,1161179666.0,3077.0
space,15441397,1201327674.0,1558.0
technews,65088,1211866446.0,3907.0
TechNewsToday,65641,1307459656.0,831.0
tech,234181,1201244436.0,3082.0
Biochemistry,23107,1239647040.0,3356.0
Biology,1260195,1206412233.0,828.0
Bio_Hacking,2873,1460181512.0,4733.0
genetics,27858,1211856797.0,2898.0
bioinformatics,27618,1201227761.0,2431.0
environment,567732,1201233949.0,1904.0
neuroscience,43946,1248735607.0,138.0
biotech,14680,1242318005.0,995.0
microbiology,27054,1213297636.0,2437.0
molecularbiology,4767,1288149229.0,1449.0
Chemistry,621868,1205440273.0,1758.0
Nootropics,185022,1253846754.0,1563.0
researchchemicals,56969,1265611311.0,917.0
Suppliments,53,1406307040.0,184.0
Futurology,13918622,1323680735.0,4019.0
Bitcoin,1048415,1284042626.0,572.0
CryptoCurrency,886160,1363038710.0,1462.0
CryptoMarkets,183450,1384300217.0,618.0
BitcoinMarkets,134222,1365668593.0,510.0
datamining,9809,1247362341.0,1566.0
algorithms,60146,1213849733.0,638.0
Hardware,716615,1201231815.0,2430.0
compsci,543559,1206321562.0,1091.0
programming,2092790,1141150769.0,679.0
ProgrammingLanguages,19773,1211988911.0,1867.0
computerscience,77186,1214236180.0,326.0
math,819924,1201212327.0,1031.0
statistics,77840,1205444398.0,3748.0
Engineering,231369,1206958809.0,845.0
ChemicalEngineering,33395,1239727643.0,4398.0
MechanicalEngineering,28124,1293592573.0,4894.0
civilengineering,25943,1226039907.0,1331.0
finance,252818,1205444670.0,1819.0
Economics,627865,1201235222.0,1335.0
StockMarket,226260,1215605805.0,NaN
SecurityAnalysis,44424,1291776486.0,NaN
